{"k": 2, "rows": 100, "silhouette": 0.3157453190482697, "davies_bouldin": 1.3186254666359731, "calinski_harabasz": 55.13917164537001, "stability_ari": 1.0}