{"k": 2, "rows": 482, "silhouette": 0.051981685489263914, "davies_bouldin": 3.9806901170627533, "calinski_harabasz": 28.071906665480878, "stability_ari": 0.8199002414635045}