{"k": 3, "rows": 482, "silhouette": 0.046611152245795325, "davies_bouldin": 4.040047369373439, "calinski_harabasz": 23.038962237381547, "stability_ari": 0.38246779464008945}