{"k": 2, "rows": 48, "silhouette": 0.3085627607115987, "davies_bouldin": 1.3142913036474977, "calinski_harabasz": 25.93049114776973, "stability_ari": 1.0}