{"k": 3, "rows": 99, "silhouette": 0.0898497981229277, "davies_bouldin": 2.632692391111355, "calinski_harabasz": 10.61491023481789, "stability_ari": 0.3210576147674782}