{"k": 2, "rows": 99, "silhouette": 0.17077423619721502, "davies_bouldin": 2.0490180023623434, "calinski_harabasz": 14.914376424152398, "stability_ari": 0.513840003232908}