{"k": 2, "rows": 45, "silhouette": 0.36157809544090297, "davies_bouldin": 1.0643565745608659, "calinski_harabasz": 31.26893335874753, "stability_ari": 1.0}