{"k": 3, "rows": 99, "silhouette": 0.12446889905185933, "davies_bouldin": 2.245754704508349, "calinski_harabasz": 13.852751631836373, "stability_ari": 0.9303411935369579}