{"k": 3, "rows": 730, "silhouette": 0.05111357846670661, "davies_bouldin": 3.6200512624466104, "calinski_harabasz": 38.18345204724574, "stability_ari": 0.5711016349399592}