{"k": 3, "rows": 100, "silhouette": 0.2793725372411191, "davies_bouldin": 1.4099294951218437, "calinski_harabasz": 42.58546266286543, "stability_ari": 1.0}