{"k": 2, "rows": 90, "silhouette": 0.37384104630416903, "davies_bouldin": 1.0755531341590359, "calinski_harabasz": 64.84188856865619, "stability_ari": 1.0}