{"k": 3, "rows": 90, "silhouette": 0.15921516438683017, "davies_bouldin": 2.1190153851327582, "calinski_harabasz": 27.76830907337376, "stability_ari": 1.0}